<?xml version="1.0" encoding="UTF-8"?>
<project version="4">
  <component name="ArtifactsWorkspaceSettings">
    <artifacts-to-build>
      <artifact name="WordCount:jar" />
    </artifacts-to-build>
  </component>
  <component name="ChangeListManager">
    <list default="true" id="affb7438-bf74-41b4-9161-83908db75a88" name="Default" comment="实现拓展功能。包括-s遍历目录下所有文件，-a输出更详细数据，-e读取忽视单词。&#10;但本版本为测试版，未经过严格测试。&#10;完整版将在下个版本提交。">
      <change beforePath="$PROJECT_DIR$/WordCount/bin/WordCount.jar" afterPath="$PROJECT_DIR$/WordCount/bin/WordCount.jar" />
      <change beforePath="$PROJECT_DIR$/WordCount/bin/wc.exe" afterPath="$PROJECT_DIR$/WordCount/bin/wc.exe" />
      <change beforePath="$PROJECT_DIR$/WordCount/src/wordCount_dzx" afterPath="$PROJECT_DIR$/WordCount/src/wordCount_dzx" />
      <change beforePath="$PROJECT_DIR$/src/wordCount_dzx/main.java" afterPath="$PROJECT_DIR$/src/wordCount_dzx/main.java" />
      <change beforePath="$PROJECT_DIR$/src/wordCount_dzx/wordCount.java" afterPath="$PROJECT_DIR$/src/wordCount_dzx/wordCount.java" />
    </list>
    <ignored path="$PROJECT_DIR$/out/" />
    <option name="EXCLUDED_CONVERTED_TO_IGNORED" value="true" />
    <option name="TRACKING_ENABLED" value="true" />
    <option name="SHOW_DIALOG" value="false" />
    <option name="HIGHLIGHT_CONFLICTS" value="true" />
    <option name="HIGHLIGHT_NON_ACTIVE_CHANGELIST" value="false" />
    <option name="LAST_RESOLUTION" value="IGNORE" />
  </component>
  <component name="FileEditorManager">
    <leaf SIDE_TABS_SIZE_LIMIT_KEY="600">
      <file leaf-file-name="main.java" pinned="false" current-in-tab="true">
        <entry file="file://$PROJECT_DIR$/src/wordCount_dzx/main.java">
          <provider selected="true" editor-type-id="text-editor">
            <state relative-caret-position="-1908">
              <caret line="73" column="13" lean-forward="false" selection-start-line="73" selection-start-column="13" selection-end-line="73" selection-end-column="13" />
              <folding>
                <element signature="imports" expanded="true" />
              </folding>
            </state>
          </provider>
        </entry>
      </file>
      <file leaf-file-name="test1.cpp" pinned="false" current-in-tab="false">
        <entry file="file://$PROJECT_DIR$/test1.cpp">
          <provider selected="true" editor-type-id="text-editor">
            <state relative-caret-position="72">
              <caret line="2" column="1" lean-forward="false" selection-start-line="2" selection-start-column="1" selection-end-line="2" selection-end-column="1" />
              <folding />
            </state>
          </provider>
        </entry>
      </file>
      <file leaf-file-name="wordCount.java" pinned="false" current-in-tab="false">
        <entry file="file://$PROJECT_DIR$/src/wordCount_dzx/wordCount.java">
          <provider selected="true" editor-type-id="text-editor">
            <state relative-caret-position="182">
              <caret line="110" column="43" lean-forward="true" selection-start-line="110" selection-start-column="43" selection-end-line="110" selection-end-column="43" />
              <folding>
                <element signature="imports" expanded="true" />
                <element signature="method#wordCount#0;class#wordCount#0" expanded="false" />
                <element signature="method#writeFile#0;class#wordCount#0" expanded="false" />
                <element signature="e#9302#9303#0" expanded="true" />
                <element signature="e#9333#9334#0" expanded="true" />
                <element signature="e#9378#9379#0" expanded="true" />
                <element signature="e#9418#9419#0" expanded="true" />
                <element signature="e#9450#9451#0" expanded="true" />
                <element signature="e#9481#9482#0" expanded="true" />
                <element signature="e#9526#9527#0" expanded="true" />
                <element signature="e#9566#9567#0" expanded="true" />
                <element signature="e#9598#9599#0" expanded="true" />
                <element signature="e#9629#9630#0" expanded="true" />
                <element signature="e#9674#9675#0" expanded="true" />
                <element signature="e#9714#9715#0" expanded="true" />
                <element signature="e#9748#9749#0" expanded="true" />
                <element signature="e#9781#9782#0" expanded="true" />
                <element signature="e#9830#9831#0" expanded="true" />
                <element signature="e#9874#9875#0" expanded="true" />
                <element signature="e#9907#9908#0" expanded="true" />
                <element signature="e#9939#9940#0" expanded="true" />
                <element signature="e#9986#9987#0" expanded="true" />
                <element signature="e#10028#10029#0" expanded="true" />
                <element signature="e#10059#10060#0" expanded="true" />
                <element signature="e#10089#10090#0" expanded="true" />
                <element signature="e#10132#10133#0" expanded="true" />
                <element signature="e#10170#10171#0" expanded="true" />
                <element signature="e#10218#10219#0" expanded="true" />
                <element signature="e#10251#10252#0" expanded="true" />
                <element signature="e#10314#10315#0" expanded="true" />
                <element signature="e#10358#10359#0" expanded="true" />
              </folding>
            </state>
          </provider>
        </entry>
      </file>
      <file leaf-file-name="test.java" pinned="false" current-in-tab="false">
        <entry file="file://$PROJECT_DIR$/src/wordCount_dzx/test.java">
          <provider selected="true" editor-type-id="text-editor">
            <state relative-caret-position="216">
              <caret line="6" column="62" lean-forward="false" selection-start-line="6" selection-start-column="8" selection-end-line="6" selection-end-column="62" />
              <folding>
                <element signature="e#227#228#0" expanded="true" />
                <element signature="e#302#303#0" expanded="true" />
                <element signature="e#503#504#0" expanded="true" />
                <element signature="e#576#577#0" expanded="true" />
                <element signature="e#1138#1139#0" expanded="true" />
                <element signature="e#1206#1207#0" expanded="true" />
                <element signature="e#1261#1262#0" expanded="true" />
                <element signature="e#1333#1334#0" expanded="true" />
              </folding>
            </state>
          </provider>
        </entry>
      </file>
    </leaf>
  </component>
  <component name="FileTemplateManagerImpl">
    <option name="RECENT_TEMPLATES">
      <list>
        <option value="Class" />
      </list>
    </option>
  </component>
  <component name="Git.Settings">
    <option name="RECENT_GIT_ROOT_PATH" value="$PROJECT_DIR$/src/wordCount_dzx" />
    <option name="PUSH_TAGS">
      <GitPushTagMode />
    </option>
  </component>
  <component name="GradleLocalSettings">
    <option name="externalProjectsViewState">
      <projects_view />
    </option>
  </component>
  <component name="IdeDocumentHistory">
    <option name="CHANGED_PATHS">
      <list>
        <option value="$PROJECT_DIR$/src/wordCount.java" />
        <option value="$PROJECT_DIR$/src/main.java" />
        <option value="$PROJECT_DIR$/ignore.txt" />
        <option value="$PROJECT_DIR$/test1.cpp" />
        <option value="$PROJECT_DIR$/src/wordCount_dzx/test.java" />
        <option value="$PROJECT_DIR$/src/wordCount_dzx/wordCount.java" />
        <option value="$PROJECT_DIR$/src/wordCount_dzx/main.java" />
      </list>
    </option>
  </component>
  <component name="ProjectFrameBounds" extendedState="6">
    <option name="x" value="-13" />
    <option name="y" value="-13" />
    <option name="width" value="1400" />
    <option name="height" value="1000" />
  </component>
  <component name="ProjectLevelVcsManager" settingsEditedManually="true" />
  <component name="ProjectView">
    <navigator currentView="ProjectPane" proportions="" version="1">
      <flattenPackages />
      <showMembers />
      <showModules />
      <showLibraryContents />
      <hideEmptyPackages />
      <abbreviatePackageNames />
      <autoscrollToSource />
      <autoscrollFromSource />
      <sortByType />
      <manualOrder />
      <foldersAlwaysOnTop value="true" />
    </navigator>
    <panes>
      <pane id="ProjectPane">
        <subPane>
          <expand>
            <path>
              <item name="WordCount" type="b2602c69:ProjectViewProjectNode" />
              <item name="WordCount" type="462c0819:PsiDirectoryNode" />
            </path>
            <path>
              <item name="WordCount" type="b2602c69:ProjectViewProjectNode" />
              <item name="WordCount" type="462c0819:PsiDirectoryNode" />
              <item name="src" type="462c0819:PsiDirectoryNode" />
            </path>
            <path>
              <item name="WordCount" type="b2602c69:ProjectViewProjectNode" />
              <item name="WordCount" type="462c0819:PsiDirectoryNode" />
              <item name="src" type="462c0819:PsiDirectoryNode" />
              <item name="wordCount_dzx" type="462c0819:PsiDirectoryNode" />
            </path>
          </expand>
          <select />
        </subPane>
      </pane>
      <pane id="AndroidView" />
      <pane id="PackagesPane" />
      <pane id="Scope" />
      <pane id="Scratches" />
    </panes>
  </component>
  <component name="PropertiesComponent">
    <property name="project.structure.last.edited" value="Artifacts" />
    <property name="project.structure.proportion" value="0.15" />
    <property name="project.structure.side.proportion" value="0.2" />
    <property name="last_opened_file_path" value="$PROJECT_DIR$/src/wordCount_dzx" />
    <property name="settings.editor.selected.configurable" value="reference.projectsettings.compiler.javacompiler" />
  </component>
  <component name="RunDashboard">
    <option name="ruleStates">
      <list>
        <RuleState>
          <option name="name" value="ConfigurationTypeDashboardGroupingRule" />
        </RuleState>
        <RuleState>
          <option name="name" value="StatusDashboardGroupingRule" />
        </RuleState>
      </list>
    </option>
  </component>
  <component name="RunManager">
    <configuration default="true" type="Applet" factoryName="Applet">
      <option name="HTML_USED" value="false" />
      <option name="WIDTH" value="400" />
      <option name="HEIGHT" value="300" />
      <option name="POLICY_FILE" value="$APPLICATION_HOME_DIR$/bin/appletviewer.policy" />
      <module />
    </configuration>
    <configuration default="true" type="Application" factoryName="Application">
      <extension name="coverage" enabled="false" merge="false" sample_coverage="true" runner="idea" />
      <option name="MAIN_CLASS_NAME" />
      <option name="VM_PARAMETERS" />
      <option name="PROGRAM_PARAMETERS" />
      <option name="WORKING_DIRECTORY" value="$PROJECT_DIR$" />
      <option name="ALTERNATIVE_JRE_PATH_ENABLED" value="false" />
      <option name="ALTERNATIVE_JRE_PATH" />
      <option name="ENABLE_SWING_INSPECTOR" value="false" />
      <option name="ENV_VARIABLES" />
      <option name="PASS_PARENT_ENVS" value="true" />
      <module name="" />
      <envs />
    </configuration>
    <configuration name="main" type="Application" factoryName="Application" temporary="true" nameIsGenerated="true">
      <extension name="coverage" enabled="false" merge="false" sample_coverage="true" runner="idea">
        <pattern>
          <option name="PATTERN" value="wordCount_dzx.*" />
          <option name="ENABLED" value="true" />
        </pattern>
      </extension>
      <option name="MAIN_CLASS_NAME" value="wordCount_dzx.main" />
      <option name="VM_PARAMETERS" />
      <option name="PROGRAM_PARAMETERS" />
      <option name="WORKING_DIRECTORY" value="$PROJECT_DIR$" />
      <option name="ALTERNATIVE_JRE_PATH_ENABLED" value="false" />
      <option name="ALTERNATIVE_JRE_PATH" />
      <option name="ENABLE_SWING_INSPECTOR" value="false" />
      <option name="ENV_VARIABLES" />
      <option name="PASS_PARENT_ENVS" value="true" />
      <module name="WordCount" />
      <envs />
    </configuration>
    <configuration default="true" type="JUnit" factoryName="JUnit">
      <extension name="coverage" enabled="false" merge="false" sample_coverage="true" runner="idea" />
      <module name="" />
      <option name="ALTERNATIVE_JRE_PATH_ENABLED" value="false" />
      <option name="ALTERNATIVE_JRE_PATH" />
      <option name="PACKAGE_NAME" />
      <option name="MAIN_CLASS_NAME" />
      <option name="METHOD_NAME" />
      <option name="TEST_OBJECT" value="class" />
      <option name="VM_PARAMETERS" value="-ea" />
      <option name="PARAMETERS" />
      <option name="WORKING_DIRECTORY" value="%MODULE_WORKING_DIR%" />
      <option name="ENV_VARIABLES" />
      <option name="PASS_PARENT_ENVS" value="true" />
      <option name="TEST_SEARCH_SCOPE">
        <value defaultName="singleModule" />
      </option>
      <envs />
      <patterns />
    </configuration>
    <configuration default="true" type="Remote" factoryName="Remote">
      <option name="USE_SOCKET_TRANSPORT" value="true" />
      <option name="SERVER_MODE" value="false" />
      <option name="SHMEM_ADDRESS" value="javadebug" />
      <option name="HOST" value="localhost" />
      <option name="PORT" value="5005" />
    </configuration>
    <configuration default="true" type="TestNG" factoryName="TestNG">
      <extension name="coverage" enabled="false" merge="false" sample_coverage="true" runner="idea" />
      <module name="" />
      <option name="ALTERNATIVE_JRE_PATH_ENABLED" value="false" />
      <option name="ALTERNATIVE_JRE_PATH" />
      <option name="SUITE_NAME" />
      <option name="PACKAGE_NAME" />
      <option name="MAIN_CLASS_NAME" />
      <option name="METHOD_NAME" />
      <option name="GROUP_NAME" />
      <option name="TEST_OBJECT" value="CLASS" />
      <option name="VM_PARAMETERS" value="-ea" />
      <option name="PARAMETERS" />
      <option name="WORKING_DIRECTORY" value="%MODULE_WORKING_DIR%" />
      <option name="OUTPUT_DIRECTORY" />
      <option name="ANNOTATION_TYPE" />
      <option name="ENV_VARIABLES" />
      <option name="PASS_PARENT_ENVS" value="true" />
      <option name="TEST_SEARCH_SCOPE">
        <value defaultName="singleModule" />
      </option>
      <option name="USE_DEFAULT_REPORTERS" value="false" />
      <option name="PROPERTIES_FILE" />
      <envs />
      <properties />
      <listeners />
    </configuration>
    <configuration default="true" type="#org.jetbrains.idea.devkit.run.PluginConfigurationType" factoryName="Plugin">
      <module name="" />
      <option name="VM_PARAMETERS" value="-Xmx512m -Xms256m -XX:MaxPermSize=250m -ea" />
      <option name="PROGRAM_PARAMETERS" />
      <predefined_log_file id="idea.log" enabled="true" />
    </configuration>
    <recent_temporary>
      <list size="1">
        <item index="0" class="java.lang.String" itemvalue="Application.main" />
      </list>
    </recent_temporary>
  </component>
  <component name="ShelveChangesManager" show_recycled="false">
    <option name="remove_strategy" value="false" />
  </component>
  <component name="SvnConfiguration">
    <configuration />
  </component>
  <component name="TaskManager">
    <task active="true" id="Default" summary="Default task">
      <changelist id="affb7438-bf74-41b4-9161-83908db75a88" name="Default" comment="" />
      <created>1521075926437</created>
      <option name="number" value="Default" />
      <option name="presentableId" value="Default" />
      <updated>1521075926437</updated>
    </task>
    <task id="LOCAL-00001" summary="实现基本功能。&#10;包括-c -l -w -o。&#10;实现输出文件（默认）result.txt&#10;也可指定文件名。">
      <created>1521204083392</created>
      <option name="number" value="00001" />
      <option name="presentableId" value="LOCAL-00001" />
      <option name="project" value="LOCAL" />
      <updated>1521204083393</updated>
    </task>
    <task id="LOCAL-00002" summary="实现拓展功能。包括-s遍历目录下所有文件，-a输出更详细数据，-e读取忽视单词。&#10;但本版本为测试版，未经过严格测试。&#10;完整版将在下个版本提交。">
      <created>1521340463100</created>
      <option name="number" value="00002" />
      <option name="presentableId" value="LOCAL-00002" />
      <option name="project" value="LOCAL" />
      <updated>1521340463100</updated>
    </task>
    <option name="localTasksCounter" value="3" />
    <servers />
  </component>
  <component name="ToolWindowManager">
    <frame x="-13" y="-13" width="2762" height="1770" extended-state="6" />
    <editor active="true" />
    <layout>
      <window_info id="Palette" active="false" anchor="right" auto_hide="false" internal_type="DOCKED" type="DOCKED" visible="false" show_stripe_button="true" weight="0.33" sideWeight="0.5" order="3" side_tool="false" content_ui="tabs" />
      <window_info id="TODO" active="false" anchor="bottom" auto_hide="false" internal_type="DOCKED" type="DOCKED" visible="false" show_stripe_button="true" weight="0.33" sideWeight="0.5" order="6" side_tool="false" content_ui="tabs" />
      <window_info id="Messages" active="false" anchor="bottom" auto_hide="false" internal_type="DOCKED" type="DOCKED" visible="false" show_stripe_button="true" weight="0.3296845" sideWeight="0.49561402" order="7" side_tool="false" content_ui="tabs" />
      <window_info id="Palette&#9;" active="false" anchor="right" auto_hide="false" internal_type="DOCKED" type="DOCKED" visible="false" show_stripe_button="true" weight="0.33" sideWeight="0.5" order="3" side_tool="false" content_ui="tabs" />
      <window_info id="Image Layers" active="false" anchor="left" auto_hide="false" internal_type="DOCKED" type="DOCKED" visible="false" show_stripe_button="true" weight="0.33" sideWeight="0.5" order="2" side_tool="false" content_ui="tabs" />
      <window_info id="Capture Analysis" active="false" anchor="right" auto_hide="false" internal_type="DOCKED" type="DOCKED" visible="false" show_stripe_button="true" weight="0.33" sideWeight="0.5" order="3" side_tool="false" content_ui="tabs" />
      <window_info id="Event Log" active="false" anchor="bottom" auto_hide="false" internal_type="DOCKED" type="DOCKED" visible="true" show_stripe_button="true" weight="0.3296845" sideWeight="0.5336257" order="7" side_tool="true" content_ui="tabs" />
      <window_info id="Maven Projects" active="false" anchor="right" auto_hide="false" internal_type="DOCKED" type="DOCKED" visible="false" show_stripe_button="true" weight="0.33" sideWeight="0.5" order="3" side_tool="false" content_ui="tabs" />
      <window_info id="Version Control" active="false" anchor="bottom" auto_hide="false" internal_type="DOCKED" type="DOCKED" visible="false" show_stripe_button="true" weight="0.33" sideWeight="0.5" order="7" side_tool="false" content_ui="tabs" />
      <window_info id="Run" active="false" anchor="bottom" auto_hide="false" internal_type="DOCKED" type="DOCKED" visible="true" show_stripe_button="true" weight="0.3296845" sideWeight="0.46637428" order="2" side_tool="false" content_ui="tabs" />
      <window_info id="Terminal" active="false" anchor="bottom" auto_hide="false" internal_type="DOCKED" type="DOCKED" visible="false" show_stripe_button="true" weight="0.33" sideWeight="0.5" order="7" side_tool="false" content_ui="tabs" />
      <window_info id="Capture Tool" active="false" anchor="left" auto_hide="false" internal_type="DOCKED" type="DOCKED" visible="false" show_stripe_button="true" weight="0.33" sideWeight="0.5" order="2" side_tool="false" content_ui="tabs" />
      <window_info id="Designer" active="false" anchor="left" auto_hide="false" internal_type="DOCKED" type="DOCKED" visible="false" show_stripe_button="true" weight="0.33" sideWeight="0.5" order="2" side_tool="false" content_ui="tabs" />
      <window_info id="Project" active="false" anchor="left" auto_hide="false" internal_type="DOCKED" type="DOCKED" visible="true" show_stripe_button="true" weight="0.25" sideWeight="0.5" order="0" side_tool="false" content_ui="combo" />
      <window_info id="Structure" active="false" anchor="left" auto_hide="false" internal_type="DOCKED" type="DOCKED" visible="false" show_stripe_button="true" weight="0.25" sideWeight="0.5" order="1" side_tool="false" content_ui="tabs" />
      <window_info id="Ant Build" active="false" anchor="right" auto_hide="false" internal_type="DOCKED" type="DOCKED" visible="false" show_stripe_button="true" weight="0.25" sideWeight="0.5" order="1" side_tool="false" content_ui="tabs" />
      <window_info id="UI Designer" active="false" anchor="left" auto_hide="false" internal_type="DOCKED" type="DOCKED" visible="false" show_stripe_button="true" weight="0.33" sideWeight="0.5" order="2" side_tool="false" content_ui="tabs" />
      <window_info id="Theme Preview" active="false" anchor="right" auto_hide="false" internal_type="DOCKED" type="DOCKED" visible="false" show_stripe_button="true" weight="0.33" sideWeight="0.5" order="3" side_tool="false" content_ui="tabs" />
      <window_info id="Favorites" active="false" anchor="left" auto_hide="false" internal_type="DOCKED" type="DOCKED" visible="false" show_stripe_button="true" weight="0.33" sideWeight="0.5" order="2" side_tool="true" content_ui="tabs" />
      <window_info id="Debug" active="false" anchor="bottom" auto_hide="false" internal_type="DOCKED" type="DOCKED" visible="false" show_stripe_button="true" weight="0.39987123" sideWeight="0.47368422" order="3" side_tool="false" content_ui="tabs" />
      <window_info id="Cvs" active="false" anchor="bottom" auto_hide="false" internal_type="DOCKED" type="DOCKED" visible="false" show_stripe_button="true" weight="0.25" sideWeight="0.5" order="4" side_tool="false" content_ui="tabs" />
      <window_info id="Message" active="false" anchor="bottom" auto_hide="false" internal_type="DOCKED" type="DOCKED" visible="false" show_stripe_button="true" weight="0.33" sideWeight="0.5" order="0" side_tool="false" content_ui="tabs" />
      <window_info id="Commander" active="false" anchor="right" auto_hide="false" internal_type="DOCKED" type="DOCKED" visible="false" show_stripe_button="true" weight="0.4" sideWeight="0.5" order="0" side_tool="false" content_ui="tabs" />
      <window_info id="Hierarchy" active="false" anchor="right" auto_hide="false" internal_type="DOCKED" type="DOCKED" visible="false" show_stripe_button="true" weight="0.25" sideWeight="0.5" order="2" side_tool="false" content_ui="combo" />
      <window_info id="Inspection" active="false" anchor="bottom" auto_hide="false" internal_type="DOCKED" type="DOCKED" visible="false" show_stripe_button="true" weight="0.4" sideWeight="0.5" order="5" side_tool="false" content_ui="tabs" />
      <window_info id="Find" active="false" anchor="bottom" auto_hide="false" internal_type="DOCKED" type="DOCKED" visible="false" show_stripe_button="true" weight="0.33" sideWeight="0.5" order="1" side_tool="false" content_ui="tabs" />
    </layout>
  </component>
  <component name="VcsContentAnnotationSettings">
    <option name="myLimit" value="2678400000" />
  </component>
  <component name="VcsManagerConfiguration">
    <MESSAGE value="实现基本功能。&#10;包括-c -l -w -o。&#10;实现输出文件（默认）result.txt&#10;也可指定文件名。" />
    <MESSAGE value="实现拓展功能。包括-s遍历目录下所有文件，-a输出更详细数据，-e读取忽视单词。&#10;但本版本为测试版，未经过严格测试。&#10;完整版将在下个版本提交。" />
    <option name="LAST_COMMIT_MESSAGE" value="实现拓展功能。包括-s遍历目录下所有文件，-a输出更详细数据，-e读取忽视单词。&#10;但本版本为测试版，未经过严格测试。&#10;完整版将在下个版本提交。" />
  </component>
  <component name="XDebuggerManager">
    <breakpoint-manager>
      <breakpoints>
        <line-breakpoint enabled="true" type="java-line">
          <url>file://$PROJECT_DIR$/src/wordCount_dzx/main.java</url>
          <line>190</line>
          <properties />
          <option name="timeStamp" value="16" />
        </line-breakpoint>
        <line-breakpoint enabled="true" type="java-line">
          <url>file://$PROJECT_DIR$/src/wordCount_dzx/wordCount.java</url>
          <line>235</line>
          <properties />
          <option name="timeStamp" value="26" />
        </line-breakpoint>
        <line-breakpoint enabled="true" type="java-line">
          <url>file://$PROJECT_DIR$/src/wordCount_dzx/main.java</url>
          <line>134</line>
          <properties />
          <option name="timeStamp" value="38" />
        </line-breakpoint>
        <line-breakpoint enabled="true" type="java-line">
          <url>file://$PROJECT_DIR$/src/wordCount_dzx/main.java</url>
          <line>118</line>
          <properties />
          <option name="timeStamp" value="39" />
        </line-breakpoint>
        <line-breakpoint enabled="true" type="java-line">
          <url>file://$PROJECT_DIR$/src/wordCount_dzx/main.java</url>
          <line>120</line>
          <properties />
          <option name="timeStamp" value="40" />
        </line-breakpoint>
        <line-breakpoint enabled="true" type="java-line">
          <url>file://$PROJECT_DIR$/src/wordCount_dzx/main.java</url>
          <line>125</line>
          <properties />
          <option name="timeStamp" value="42" />
        </line-breakpoint>
        <line-breakpoint enabled="true" type="java-line">
          <url>file://$PROJECT_DIR$/src/wordCount_dzx/wordCount.java</url>
          <line>220</line>
          <properties />
          <option name="timeStamp" value="44" />
        </line-breakpoint>
        <line-breakpoint enabled="true" type="java-line">
          <url>file://$PROJECT_DIR$/src/wordCount_dzx/wordCount.java</url>
          <line>227</line>
          <properties />
          <option name="timeStamp" value="45" />
        </line-breakpoint>
        <line-breakpoint enabled="true" type="java-line">
          <url>file://$PROJECT_DIR$/src/wordCount_dzx/main.java</url>
          <line>191</line>
          <properties />
          <option name="timeStamp" value="46" />
        </line-breakpoint>
        <line-breakpoint enabled="true" type="java-line">
          <url>file://$PROJECT_DIR$/src/wordCount_dzx/main.java</url>
          <line>89</line>
          <properties />
          <option name="timeStamp" value="51" />
        </line-breakpoint>
        <line-breakpoint enabled="true" type="java-line">
          <url>file://$PROJECT_DIR$/src/wordCount_dzx/main.java</url>
          <line>107</line>
          <properties />
          <option name="timeStamp" value="52" />
        </line-breakpoint>
        <line-breakpoint enabled="true" type="java-line">
          <url>file://$PROJECT_DIR$/src/wordCount_dzx/wordCount.java</url>
          <line>121</line>
          <properties />
          <option name="timeStamp" value="55" />
        </line-breakpoint>
        <line-breakpoint enabled="true" type="java-line">
          <url>file://$PROJECT_DIR$/src/wordCount_dzx/wordCount.java</url>
          <line>122</line>
          <properties />
          <option name="timeStamp" value="56" />
        </line-breakpoint>
        <line-breakpoint enabled="true" type="java-line">
          <url>file://$PROJECT_DIR$/src/wordCount_dzx/wordCount.java</url>
          <line>120</line>
          <properties />
          <option name="timeStamp" value="57" />
        </line-breakpoint>
        <line-breakpoint enabled="true" type="java-line">
          <url>file://$PROJECT_DIR$/src/wordCount_dzx/wordCount.java</url>
          <line>124</line>
          <properties />
          <option name="timeStamp" value="58" />
        </line-breakpoint>
        <line-breakpoint enabled="true" type="java-line">
          <url>file://$PROJECT_DIR$/src/wordCount_dzx/wordCount.java</url>
          <line>214</line>
          <properties />
          <option name="timeStamp" value="59" />
        </line-breakpoint>
        <line-breakpoint enabled="true" type="java-line">
          <url>file://$PROJECT_DIR$/src/wordCount_dzx/wordCount.java</url>
          <line>236</line>
          <properties />
          <option name="timeStamp" value="60" />
        </line-breakpoint>
        <line-breakpoint enabled="true" type="java-line">
          <url>file://$PROJECT_DIR$/src/wordCount_dzx/wordCount.java</url>
          <line>222</line>
          <properties />
          <option name="timeStamp" value="62" />
        </line-breakpoint>
      </breakpoints>
      <option name="time" value="63" />
    </breakpoint-manager>
    <watches-manager />
  </component>
  <component name="editorHistoryManager">
    <entry file="file://$PROJECT_DIR$/src/wordCount_dzx/main.java">
      <provider selected="true" editor-type-id="text-editor">
        <state relative-caret-position="2736">
          <caret line="76" column="11" lean-forward="true" selection-start-line="76" selection-start-column="11" selection-end-line="76" selection-end-column="11" />
          <folding>
            <element signature="imports" expanded="true" />
          </folding>
        </state>
      </provider>
    </entry>
    <entry file="file://$PROJECT_DIR$/test1.cpp">
      <provider selected="true" editor-type-id="text-editor">
        <state relative-caret-position="288">
          <caret line="8" column="1" lean-forward="true" selection-start-line="8" selection-start-column="1" selection-end-line="8" selection-end-column="1" />
          <folding />
        </state>
      </provider>
    </entry>
    <entry file="file://$PROJECT_DIR$/ignore.txt">
      <provider selected="true" editor-type-id="text-editor">
        <state relative-caret-position="0">
          <caret line="0" column="20" lean-forward="true" selection-start-line="0" selection-start-column="20" selection-end-line="0" selection-end-column="20" />
        </state>
      </provider>
    </entry>
    <entry file="file://$PROJECT_DIR$/src/wordCount_dzx/wordCount.java">
      <provider selected="true" editor-type-id="text-editor">
        <state relative-caret-position="396">
          <caret line="11" column="26" lean-forward="true" selection-start-line="11" selection-start-column="26" selection-end-line="11" selection-end-column="26" />
          <folding>
            <element signature="imports" expanded="true" />
            <element signature="method#wordCount#0;class#wordCount#0" expanded="false" />
            <element signature="method#writeFile#0;class#wordCount#0" expanded="false" />
            <element signature="e#9302#9303#0" expanded="true" />
            <element signature="e#9333#9334#0" expanded="true" />
            <element signature="e#9378#9379#0" expanded="true" />
            <element signature="e#9418#9419#0" expanded="true" />
            <element signature="e#9450#9451#0" expanded="true" />
            <element signature="e#9481#9482#0" expanded="true" />
            <element signature="e#9526#9527#0" expanded="true" />
            <element signature="e#9566#9567#0" expanded="true" />
            <element signature="e#9598#9599#0" expanded="true" />
            <element signature="e#9629#9630#0" expanded="true" />
            <element signature="e#9674#9675#0" expanded="true" />
            <element signature="e#9714#9715#0" expanded="true" />
            <element signature="e#9748#9749#0" expanded="true" />
            <element signature="e#9781#9782#0" expanded="true" />
            <element signature="e#9830#9831#0" expanded="true" />
            <element signature="e#9874#9875#0" expanded="true" />
            <element signature="e#9907#9908#0" expanded="true" />
            <element signature="e#9939#9940#0" expanded="true" />
            <element signature="e#9986#9987#0" expanded="true" />
            <element signature="e#10028#10029#0" expanded="true" />
            <element signature="e#10059#10060#0" expanded="true" />
            <element signature="e#10089#10090#0" expanded="true" />
            <element signature="e#10132#10133#0" expanded="true" />
            <element signature="e#10170#10171#0" expanded="true" />
            <element signature="e#10218#10219#0" expanded="true" />
            <element signature="e#10251#10252#0" expanded="true" />
            <element signature="e#10314#10315#0" expanded="true" />
            <element signature="e#10358#10359#0" expanded="true" />
          </folding>
        </state>
      </provider>
    </entry>
    <entry file="file://$PROJECT_DIR$/src/wordCount_dzx/main.java">
      <provider selected="true" editor-type-id="text-editor">
        <state relative-caret-position="0">
          <caret line="0" column="0" lean-forward="false" selection-start-line="0" selection-start-column="0" selection-end-line="0" selection-end-column="0" />
          <folding>
            <element signature="imports" expanded="true" />
          </folding>
        </state>
      </provider>
    </entry>
    <entry file="file://$PROJECT_DIR$/src/wordCount_dzx/wordCount.java">
      <provider selected="true" editor-type-id="text-editor">
        <state relative-caret-position="8604">
          <caret line="239" column="0" lean-forward="false" selection-start-line="239" selection-start-column="0" selection-end-line="239" selection-end-column="0" />
          <folding>
            <element signature="imports" expanded="true" />
            <element signature="method#wordCount#0;class#wordCount#0" expanded="false" />
            <element signature="method#writeFile#0;class#wordCount#0" expanded="false" />
            <element signature="e#9302#9303#0" expanded="true" />
            <element signature="e#9333#9334#0" expanded="true" />
            <element signature="e#9378#9379#0" expanded="true" />
            <element signature="e#9418#9419#0" expanded="true" />
            <element signature="e#9450#9451#0" expanded="true" />
            <element signature="e#9481#9482#0" expanded="true" />
            <element signature="e#9526#9527#0" expanded="true" />
            <element signature="e#9566#9567#0" expanded="true" />
            <element signature="e#9598#9599#0" expanded="true" />
            <element signature="e#9629#9630#0" expanded="true" />
            <element signature="e#9674#9675#0" expanded="true" />
            <element signature="e#9714#9715#0" expanded="true" />
            <element signature="e#9748#9749#0" expanded="true" />
            <element signature="e#9781#9782#0" expanded="true" />
            <element signature="e#9830#9831#0" expanded="true" />
            <element signature="e#9874#9875#0" expanded="true" />
            <element signature="e#9907#9908#0" expanded="true" />
            <element signature="e#9939#9940#0" expanded="true" />
            <element signature="e#9986#9987#0" expanded="true" />
            <element signature="e#10028#10029#0" expanded="true" />
            <element signature="e#10059#10060#0" expanded="true" />
            <element signature="e#10089#10090#0" expanded="true" />
            <element signature="e#10132#10133#0" expanded="true" />
            <element signature="e#10170#10171#0" expanded="true" />
            <element signature="e#10218#10219#0" expanded="true" />
            <element signature="e#10251#10252#0" expanded="true" />
            <element signature="e#10314#10315#0" expanded="true" />
            <element signature="e#10358#10359#0" expanded="true" />
          </folding>
        </state>
      </provider>
    </entry>
    <entry file="file://$PROJECT_DIR$/src/wordCount_dzx/main.java">
      <provider selected="true" editor-type-id="text-editor">
        <state relative-caret-position="0">
          <caret line="0" column="0" lean-forward="false" selection-start-line="0" selection-start-column="0" selection-end-line="0" selection-end-column="0" />
          <folding>
            <element signature="imports" expanded="true" />
          </folding>
        </state>
      </provider>
    </entry>
    <entry file="file://$PROJECT_DIR$/src/wordCount_dzx/wordCount.java">
      <provider selected="true" editor-type-id="text-editor">
        <state relative-caret-position="8604">
          <caret line="239" column="0" lean-forward="false" selection-start-line="239" selection-start-column="0" selection-end-line="239" selection-end-column="0" />
          <folding>
            <element signature="imports" expanded="true" />
            <element signature="method#wordCount#0;class#wordCount#0" expanded="false" />
            <element signature="method#writeFile#0;class#wordCount#0" expanded="false" />
            <element signature="e#9302#9303#0" expanded="true" />
            <element signature="e#9333#9334#0" expanded="true" />
            <element signature="e#9378#9379#0" expanded="true" />
            <element signature="e#9418#9419#0" expanded="true" />
            <element signature="e#9450#9451#0" expanded="true" />
            <element signature="e#9481#9482#0" expanded="true" />
            <element signature="e#9526#9527#0" expanded="true" />
            <element signature="e#9566#9567#0" expanded="true" />
            <element signature="e#9598#9599#0" expanded="true" />
            <element signature="e#9629#9630#0" expanded="true" />
            <element signature="e#9674#9675#0" expanded="true" />
            <element signature="e#9714#9715#0" expanded="true" />
            <element signature="e#9748#9749#0" expanded="true" />
            <element signature="e#9781#9782#0" expanded="true" />
            <element signature="e#9830#9831#0" expanded="true" />
            <element signature="e#9874#9875#0" expanded="true" />
            <element signature="e#9907#9908#0" expanded="true" />
            <element signature="e#9939#9940#0" expanded="true" />
            <element signature="e#9986#9987#0" expanded="true" />
            <element signature="e#10028#10029#0" expanded="true" />
            <element signature="e#10059#10060#0" expanded="true" />
            <element signature="e#10089#10090#0" expanded="true" />
            <element signature="e#10132#10133#0" expanded="true" />
            <element signature="e#10170#10171#0" expanded="true" />
            <element signature="e#10218#10219#0" expanded="true" />
            <element signature="e#10251#10252#0" expanded="true" />
            <element signature="e#10314#10315#0" expanded="true" />
            <element signature="e#10358#10359#0" expanded="true" />
          </folding>
        </state>
      </provider>
    </entry>
    <entry file="file://$PROJECT_DIR$/src/wordCount_dzx/main.java">
      <provider selected="true" editor-type-id="text-editor">
        <state relative-caret-position="0">
          <caret line="0" column="0" lean-forward="false" selection-start-line="0" selection-start-column="0" selection-end-line="0" selection-end-column="0" />
          <folding>
            <element signature="imports" expanded="true" />
          </folding>
        </state>
      </provider>
    </entry>
    <entry file="file://$PROJECT_DIR$/src/wordCount_dzx/wordCount.java">
      <provider selected="true" editor-type-id="text-editor">
        <state relative-caret-position="8604">
          <caret line="239" column="0" lean-forward="false" selection-start-line="239" selection-start-column="0" selection-end-line="239" selection-end-column="0" />
          <folding>
            <element signature="imports" expanded="true" />
            <element signature="method#wordCount#0;class#wordCount#0" expanded="false" />
            <element signature="method#writeFile#0;class#wordCount#0" expanded="false" />
            <element signature="e#9302#9303#0" expanded="true" />
            <element signature="e#9333#9334#0" expanded="true" />
            <element signature="e#9378#9379#0" expanded="true" />
            <element signature="e#9418#9419#0" expanded="true" />
            <element signature="e#9450#9451#0" expanded="true" />
            <element signature="e#9481#9482#0" expanded="true" />
            <element signature="e#9526#9527#0" expanded="true" />
            <element signature="e#9566#9567#0" expanded="true" />
            <element signature="e#9598#9599#0" expanded="true" />
            <element signature="e#9629#9630#0" expanded="true" />
            <element signature="e#9674#9675#0" expanded="true" />
            <element signature="e#9714#9715#0" expanded="true" />
            <element signature="e#9748#9749#0" expanded="true" />
            <element signature="e#9781#9782#0" expanded="true" />
            <element signature="e#9830#9831#0" expanded="true" />
            <element signature="e#9874#9875#0" expanded="true" />
            <element signature="e#9907#9908#0" expanded="true" />
            <element signature="e#9939#9940#0" expanded="true" />
            <element signature="e#9986#9987#0" expanded="true" />
            <element signature="e#10028#10029#0" expanded="true" />
            <element signature="e#10059#10060#0" expanded="true" />
            <element signature="e#10089#10090#0" expanded="true" />
            <element signature="e#10132#10133#0" expanded="true" />
            <element signature="e#10170#10171#0" expanded="true" />
            <element signature="e#10218#10219#0" expanded="true" />
            <element signature="e#10251#10252#0" expanded="true" />
            <element signature="e#10314#10315#0" expanded="true" />
            <element signature="e#10358#10359#0" expanded="true" />
          </folding>
        </state>
      </provider>
    </entry>
    <entry file="file://$PROJECT_DIR$/src/wordCount_dzx/main.java">
      <provider selected="true" editor-type-id="text-editor">
        <state relative-caret-position="2628">
          <caret line="73" column="82" lean-forward="true" selection-start-line="73" selection-start-column="82" selection-end-line="73" selection-end-column="82" />
          <folding>
            <element signature="imports" expanded="true" />
          </folding>
        </state>
      </provider>
    </entry>
    <entry file="file://$PROJECT_DIR$/src/wordCount_dzx/wordCount.java">
      <provider selected="true" editor-type-id="text-editor">
        <state relative-caret-position="144">
          <caret line="4" column="20" lean-forward="false" selection-start-line="4" selection-start-column="20" selection-end-line="4" selection-end-column="20" />
          <folding>
            <element signature="imports" expanded="true" />
            <element signature="method#wordCount#0;class#wordCount#0" expanded="false" />
            <element signature="method#writeFile#0;class#wordCount#0" expanded="false" />
            <element signature="e#9302#9303#0" expanded="true" />
            <element signature="e#9333#9334#0" expanded="true" />
            <element signature="e#9378#9379#0" expanded="true" />
            <element signature="e#9418#9419#0" expanded="true" />
            <element signature="e#9450#9451#0" expanded="true" />
            <element signature="e#9481#9482#0" expanded="true" />
            <element signature="e#9526#9527#0" expanded="true" />
            <element signature="e#9566#9567#0" expanded="true" />
            <element signature="e#9598#9599#0" expanded="true" />
            <element signature="e#9629#9630#0" expanded="true" />
            <element signature="e#9674#9675#0" expanded="true" />
            <element signature="e#9714#9715#0" expanded="true" />
            <element signature="e#9748#9749#0" expanded="true" />
            <element signature="e#9781#9782#0" expanded="true" />
            <element signature="e#9830#9831#0" expanded="true" />
            <element signature="e#9874#9875#0" expanded="true" />
            <element signature="e#9907#9908#0" expanded="true" />
            <element signature="e#9939#9940#0" expanded="true" />
            <element signature="e#9986#9987#0" expanded="true" />
            <element signature="e#10028#10029#0" expanded="true" />
            <element signature="e#10059#10060#0" expanded="true" />
            <element signature="e#10089#10090#0" expanded="true" />
            <element signature="e#10132#10133#0" expanded="true" />
            <element signature="e#10170#10171#0" expanded="true" />
            <element signature="e#10218#10219#0" expanded="true" />
            <element signature="e#10251#10252#0" expanded="true" />
            <element signature="e#10314#10315#0" expanded="true" />
            <element signature="e#10358#10359#0" expanded="true" />
          </folding>
        </state>
      </provider>
    </entry>
    <entry file="file://$PROJECT_DIR$/src/wordCount_dzx/main.java">
      <provider selected="true" editor-type-id="text-editor">
        <state relative-caret-position="4644">
          <caret line="129" column="0" lean-forward="true" selection-start-line="129" selection-start-column="0" selection-end-line="129" selection-end-column="0" />
          <folding>
            <element signature="imports" expanded="true" />
          </folding>
        </state>
      </provider>
    </entry>
    <entry file="file://$PROJECT_DIR$/src/wordCount_dzx/wordCount.java">
      <provider selected="true" editor-type-id="text-editor">
        <state relative-caret-position="1980">
          <caret line="55" column="18" lean-forward="false" selection-start-line="55" selection-start-column="18" selection-end-line="55" selection-end-column="18" />
          <folding>
            <element signature="imports" expanded="true" />
            <element signature="method#wordCount#0;class#wordCount#0" expanded="false" />
            <element signature="method#writeFile#0;class#wordCount#0" expanded="false" />
            <element signature="e#9302#9303#0" expanded="true" />
            <element signature="e#9333#9334#0" expanded="true" />
            <element signature="e#9378#9379#0" expanded="true" />
            <element signature="e#9418#9419#0" expanded="true" />
            <element signature="e#9450#9451#0" expanded="true" />
            <element signature="e#9481#9482#0" expanded="true" />
            <element signature="e#9526#9527#0" expanded="true" />
            <element signature="e#9566#9567#0" expanded="true" />
            <element signature="e#9598#9599#0" expanded="true" />
            <element signature="e#9629#9630#0" expanded="true" />
            <element signature="e#9674#9675#0" expanded="true" />
            <element signature="e#9714#9715#0" expanded="true" />
            <element signature="e#9748#9749#0" expanded="true" />
            <element signature="e#9781#9782#0" expanded="true" />
            <element signature="e#9830#9831#0" expanded="true" />
            <element signature="e#9874#9875#0" expanded="true" />
            <element signature="e#9907#9908#0" expanded="true" />
            <element signature="e#9939#9940#0" expanded="true" />
            <element signature="e#9986#9987#0" expanded="true" />
            <element signature="e#10028#10029#0" expanded="true" />
            <element signature="e#10059#10060#0" expanded="true" />
            <element signature="e#10089#10090#0" expanded="true" />
            <element signature="e#10132#10133#0" expanded="true" />
            <element signature="e#10170#10171#0" expanded="true" />
            <element signature="e#10218#10219#0" expanded="true" />
            <element signature="e#10251#10252#0" expanded="true" />
            <element signature="e#10314#10315#0" expanded="true" />
            <element signature="e#10358#10359#0" expanded="true" />
          </folding>
        </state>
      </provider>
    </entry>
    <entry file="file://$PROJECT_DIR$/src/wordCount_dzx/main.java">
      <provider selected="true" editor-type-id="text-editor">
        <state relative-caret-position="0">
          <caret line="0" column="0" lean-forward="false" selection-start-line="0" selection-start-column="0" selection-end-line="0" selection-end-column="0" />
          <folding>
            <element signature="imports" expanded="true" />
          </folding>
        </state>
      </provider>
    </entry>
    <entry file="file://$PROJECT_DIR$/src/wordCount_dzx/wordCount.java">
      <provider selected="true" editor-type-id="text-editor">
        <state relative-caret-position="1404">
          <caret line="55" column="18" lean-forward="false" selection-start-line="55" selection-start-column="18" selection-end-line="55" selection-end-column="18" />
          <folding>
            <element signature="imports" expanded="true" />
            <element signature="method#wordCount#0;class#wordCount#0" expanded="false" />
            <element signature="method#writeFile#0;class#wordCount#0" expanded="false" />
            <element signature="e#9302#9303#0" expanded="true" />
            <element signature="e#9333#9334#0" expanded="true" />
            <element signature="e#9378#9379#0" expanded="true" />
            <element signature="e#9418#9419#0" expanded="true" />
            <element signature="e#9450#9451#0" expanded="true" />
            <element signature="e#9481#9482#0" expanded="true" />
            <element signature="e#9526#9527#0" expanded="true" />
            <element signature="e#9566#9567#0" expanded="true" />
            <element signature="e#9598#9599#0" expanded="true" />
            <element signature="e#9629#9630#0" expanded="true" />
            <element signature="e#9674#9675#0" expanded="true" />
            <element signature="e#9714#9715#0" expanded="true" />
            <element signature="e#9748#9749#0" expanded="true" />
            <element signature="e#9781#9782#0" expanded="true" />
            <element signature="e#9830#9831#0" expanded="true" />
            <element signature="e#9874#9875#0" expanded="true" />
            <element signature="e#9907#9908#0" expanded="true" />
            <element signature="e#9939#9940#0" expanded="true" />
            <element signature="e#9986#9987#0" expanded="true" />
            <element signature="e#10028#10029#0" expanded="true" />
            <element signature="e#10059#10060#0" expanded="true" />
            <element signature="e#10089#10090#0" expanded="true" />
            <element signature="e#10132#10133#0" expanded="true" />
            <element signature="e#10170#10171#0" expanded="true" />
            <element signature="e#10218#10219#0" expanded="true" />
            <element signature="e#10251#10252#0" expanded="true" />
            <element signature="e#10314#10315#0" expanded="true" />
            <element signature="e#10358#10359#0" expanded="true" />
          </folding>
        </state>
      </provider>
    </entry>
    <entry file="file://$PROJECT_DIR$/src/wordCount_dzx/main.java">
      <provider selected="true" editor-type-id="text-editor">
        <state relative-caret-position="0">
          <caret line="0" column="0" lean-forward="false" selection-start-line="0" selection-start-column="0" selection-end-line="0" selection-end-column="0" />
          <folding>
            <element signature="imports" expanded="true" />
          </folding>
        </state>
      </provider>
    </entry>
    <entry file="file://$PROJECT_DIR$/src/wordCount_dzx/wordCount.java">
      <provider selected="true" editor-type-id="text-editor">
        <state relative-caret-position="1980">
          <caret line="55" column="18" lean-forward="false" selection-start-line="55" selection-start-column="18" selection-end-line="55" selection-end-column="18" />
          <folding>
            <element signature="imports" expanded="true" />
            <element signature="method#wordCount#0;class#wordCount#0" expanded="false" />
            <element signature="method#writeFile#0;class#wordCount#0" expanded="false" />
            <element signature="e#9302#9303#0" expanded="true" />
            <element signature="e#9333#9334#0" expanded="true" />
            <element signature="e#9378#9379#0" expanded="true" />
            <element signature="e#9418#9419#0" expanded="true" />
            <element signature="e#9450#9451#0" expanded="true" />
            <element signature="e#9481#9482#0" expanded="true" />
            <element signature="e#9526#9527#0" expanded="true" />
            <element signature="e#9566#9567#0" expanded="true" />
            <element signature="e#9598#9599#0" expanded="true" />
            <element signature="e#9629#9630#0" expanded="true" />
            <element signature="e#9674#9675#0" expanded="true" />
            <element signature="e#9714#9715#0" expanded="true" />
            <element signature="e#9748#9749#0" expanded="true" />
            <element signature="e#9781#9782#0" expanded="true" />
            <element signature="e#9830#9831#0" expanded="true" />
            <element signature="e#9874#9875#0" expanded="true" />
            <element signature="e#9907#9908#0" expanded="true" />
            <element signature="e#9939#9940#0" expanded="true" />
            <element signature="e#9986#9987#0" expanded="true" />
            <element signature="e#10028#10029#0" expanded="true" />
            <element signature="e#10059#10060#0" expanded="true" />
            <element signature="e#10089#10090#0" expanded="true" />
            <element signature="e#10132#10133#0" expanded="true" />
            <element signature="e#10170#10171#0" expanded="true" />
            <element signature="e#10218#10219#0" expanded="true" />
            <element signature="e#10251#10252#0" expanded="true" />
            <element signature="e#10314#10315#0" expanded="true" />
            <element signature="e#10358#10359#0" expanded="true" />
          </folding>
        </state>
      </provider>
    </entry>
    <entry file="file://$PROJECT_DIR$/src/wordCount_dzx/main.java">
      <provider selected="true" editor-type-id="text-editor">
        <state relative-caret-position="0">
          <caret line="0" column="0" lean-forward="false" selection-start-line="0" selection-start-column="0" selection-end-line="0" selection-end-column="0" />
          <folding>
            <element signature="imports" expanded="true" />
          </folding>
        </state>
      </provider>
    </entry>
    <entry file="file://$PROJECT_DIR$/src/wordCount_dzx/wordCount.java">
      <provider selected="true" editor-type-id="text-editor">
        <state relative-caret-position="3348">
          <caret line="93" column="31" lean-forward="false" selection-start-line="93" selection-start-column="31" selection-end-line="93" selection-end-column="31" />
          <folding>
            <element signature="imports" expanded="true" />
            <element signature="method#wordCount#0;class#wordCount#0" expanded="false" />
            <element signature="method#writeFile#0;class#wordCount#0" expanded="false" />
            <element signature="e#9302#9303#0" expanded="true" />
            <element signature="e#9333#9334#0" expanded="true" />
            <element signature="e#9378#9379#0" expanded="true" />
            <element signature="e#9418#9419#0" expanded="true" />
            <element signature="e#9450#9451#0" expanded="true" />
            <element signature="e#9481#9482#0" expanded="true" />
            <element signature="e#9526#9527#0" expanded="true" />
            <element signature="e#9566#9567#0" expanded="true" />
            <element signature="e#9598#9599#0" expanded="true" />
            <element signature="e#9629#9630#0" expanded="true" />
            <element signature="e#9674#9675#0" expanded="true" />
            <element signature="e#9714#9715#0" expanded="true" />
            <element signature="e#9748#9749#0" expanded="true" />
            <element signature="e#9781#9782#0" expanded="true" />
            <element signature="e#9830#9831#0" expanded="true" />
            <element signature="e#9874#9875#0" expanded="true" />
            <element signature="e#9907#9908#0" expanded="true" />
            <element signature="e#9939#9940#0" expanded="true" />
            <element signature="e#9986#9987#0" expanded="true" />
            <element signature="e#10028#10029#0" expanded="true" />
            <element signature="e#10059#10060#0" expanded="true" />
            <element signature="e#10089#10090#0" expanded="true" />
            <element signature="e#10132#10133#0" expanded="true" />
            <element signature="e#10170#10171#0" expanded="true" />
            <element signature="e#10218#10219#0" expanded="true" />
            <element signature="e#10251#10252#0" expanded="true" />
            <element signature="e#10314#10315#0" expanded="true" />
            <element signature="e#10358#10359#0" expanded="true" />
          </folding>
        </state>
      </provider>
    </entry>
    <entry file="file://$PROJECT_DIR$/src/wordCount_dzx/main.java">
      <provider selected="true" editor-type-id="text-editor">
        <state relative-caret-position="0">
          <caret line="0" column="0" lean-forward="false" selection-start-line="0" selection-start-column="0" selection-end-line="0" selection-end-column="0" />
          <folding>
            <element signature="imports" expanded="true" />
          </folding>
        </state>
      </provider>
    </entry>
    <entry file="file://$PROJECT_DIR$/src/wordCount_dzx/test.java">
      <provider selected="true" editor-type-id="text-editor">
        <state relative-caret-position="2808">
          <caret line="78" column="9" lean-forward="true" selection-start-line="6" selection-start-column="7" selection-end-line="78" selection-end-column="9" />
          <folding>
            <element signature="e#227#228#0" expanded="true" />
            <element signature="e#302#303#0" expanded="true" />
            <element signature="e#503#504#0" expanded="true" />
            <element signature="e#576#577#0" expanded="true" />
            <element signature="e#1138#1139#0" expanded="true" />
            <element signature="e#1206#1207#0" expanded="true" />
            <element signature="e#1261#1262#0" expanded="true" />
            <element signature="e#1333#1334#0" expanded="true" />
          </folding>
        </state>
      </provider>
    </entry>
    <entry file="file://$PROJECT_DIR$/src/wordCount_dzx/wordCount.java">
      <provider selected="true" editor-type-id="text-editor">
        <state relative-caret-position="2988">
          <caret line="83" column="0" lean-forward="false" selection-start-line="83" selection-start-column="0" selection-end-line="83" selection-end-column="0" />
          <folding>
            <element signature="imports" expanded="true" />
            <element signature="method#wordCount#0;class#wordCount#0" expanded="false" />
            <element signature="method#writeFile#0;class#wordCount#0" expanded="false" />
            <element signature="e#9302#9303#0" expanded="true" />
            <element signature="e#9333#9334#0" expanded="true" />
            <element signature="e#9378#9379#0" expanded="true" />
            <element signature="e#9418#9419#0" expanded="true" />
            <element signature="e#9450#9451#0" expanded="true" />
            <element signature="e#9481#9482#0" expanded="true" />
            <element signature="e#9526#9527#0" expanded="true" />
            <element signature="e#9566#9567#0" expanded="true" />
            <element signature="e#9598#9599#0" expanded="true" />
            <element signature="e#9629#9630#0" expanded="true" />
            <element signature="e#9674#9675#0" expanded="true" />
            <element signature="e#9714#9715#0" expanded="true" />
            <element signature="e#9748#9749#0" expanded="true" />
            <element signature="e#9781#9782#0" expanded="true" />
            <element signature="e#9830#9831#0" expanded="true" />
            <element signature="e#9874#9875#0" expanded="true" />
            <element signature="e#9907#9908#0" expanded="true" />
            <element signature="e#9939#9940#0" expanded="true" />
            <element signature="e#9986#9987#0" expanded="true" />
            <element signature="e#10028#10029#0" expanded="true" />
            <element signature="e#10059#10060#0" expanded="true" />
            <element signature="e#10089#10090#0" expanded="true" />
            <element signature="e#10132#10133#0" expanded="true" />
            <element signature="e#10170#10171#0" expanded="true" />
            <element signature="e#10218#10219#0" expanded="true" />
            <element signature="e#10251#10252#0" expanded="true" />
            <element signature="e#10314#10315#0" expanded="true" />
            <element signature="e#10358#10359#0" expanded="true" />
          </folding>
        </state>
      </provider>
    </entry>
    <entry file="file://$PROJECT_DIR$/src/wordCount_dzx/test.txt">
      <provider selected="true" editor-type-id="text-editor">
        <state relative-caret-position="0">
          <caret line="0" column="0" lean-forward="false" selection-start-line="0" selection-start-column="0" selection-end-line="0" selection-end-column="0" />
        </state>
      </provider>
    </entry>
    <entry file="file://$PROJECT_DIR$/result.txt">
      <provider selected="true" editor-type-id="text-editor">
        <state relative-caret-position="0">
          <caret line="0" column="0" lean-forward="false" selection-start-line="0" selection-start-column="0" selection-end-line="0" selection-end-column="0" />
        </state>
      </provider>
    </entry>
    <entry file="file://$PROJECT_DIR$/ignore.txt">
      <provider selected="true" editor-type-id="text-editor">
        <state relative-caret-position="0">
          <caret line="0" column="20" lean-forward="false" selection-start-line="0" selection-start-column="20" selection-end-line="0" selection-end-column="20" />
        </state>
      </provider>
    </entry>
    <entry file="file://$PROJECT_DIR$/test1.cpp">
      <provider selected="true" editor-type-id="text-editor">
        <state relative-caret-position="72">
          <caret line="2" column="1" lean-forward="false" selection-start-line="2" selection-start-column="1" selection-end-line="2" selection-end-column="1" />
          <folding />
        </state>
      </provider>
    </entry>
    <entry file="file://$PROJECT_DIR$/src/wordCount_dzx/test.java">
      <provider selected="true" editor-type-id="text-editor">
        <state relative-caret-position="216">
          <caret line="6" column="62" lean-forward="false" selection-start-line="6" selection-start-column="8" selection-end-line="6" selection-end-column="62" />
          <folding>
            <element signature="e#227#228#0" expanded="true" />
            <element signature="e#302#303#0" expanded="true" />
            <element signature="e#503#504#0" expanded="true" />
            <element signature="e#576#577#0" expanded="true" />
            <element signature="e#1138#1139#0" expanded="true" />
            <element signature="e#1206#1207#0" expanded="true" />
            <element signature="e#1261#1262#0" expanded="true" />
            <element signature="e#1333#1334#0" expanded="true" />
          </folding>
        </state>
      </provider>
    </entry>
    <entry file="file://$PROJECT_DIR$/src/wordCount_dzx/wordCount.java">
      <provider selected="true" editor-type-id="text-editor">
        <state relative-caret-position="182">
          <caret line="110" column="43" lean-forward="true" selection-start-line="110" selection-start-column="43" selection-end-line="110" selection-end-column="43" />
          <folding>
            <element signature="imports" expanded="true" />
            <element signature="method#wordCount#0;class#wordCount#0" expanded="false" />
            <element signature="method#writeFile#0;class#wordCount#0" expanded="false" />
            <element signature="e#9302#9303#0" expanded="true" />
            <element signature="e#9333#9334#0" expanded="true" />
            <element signature="e#9378#9379#0" expanded="true" />
            <element signature="e#9418#9419#0" expanded="true" />
            <element signature="e#9450#9451#0" expanded="true" />
            <element signature="e#9481#9482#0" expanded="true" />
            <element signature="e#9526#9527#0" expanded="true" />
            <element signature="e#9566#9567#0" expanded="true" />
            <element signature="e#9598#9599#0" expanded="true" />
            <element signature="e#9629#9630#0" expanded="true" />
            <element signature="e#9674#9675#0" expanded="true" />
            <element signature="e#9714#9715#0" expanded="true" />
            <element signature="e#9748#9749#0" expanded="true" />
            <element signature="e#9781#9782#0" expanded="true" />
            <element signature="e#9830#9831#0" expanded="true" />
            <element signature="e#9874#9875#0" expanded="true" />
            <element signature="e#9907#9908#0" expanded="true" />
            <element signature="e#9939#9940#0" expanded="true" />
            <element signature="e#9986#9987#0" expanded="true" />
            <element signature="e#10028#10029#0" expanded="true" />
            <element signature="e#10059#10060#0" expanded="true" />
            <element signature="e#10089#10090#0" expanded="true" />
            <element signature="e#10132#10133#0" expanded="true" />
            <element signature="e#10170#10171#0" expanded="true" />
            <element signature="e#10218#10219#0" expanded="true" />
            <element signature="e#10251#10252#0" expanded="true" />
            <element signature="e#10314#10315#0" expanded="true" />
            <element signature="e#10358#10359#0" expanded="true" />
          </folding>
        </state>
      </provider>
    </entry>
    <entry file="file://$PROJECT_DIR$/src/wordCount_dzx/main.java">
      <provider selected="true" editor-type-id="text-editor">
        <state relative-caret-position="-1908">
          <caret line="73" column="13" lean-forward="false" selection-start-line="73" selection-start-column="13" selection-end-line="73" selection-end-column="13" />
          <folding>
            <element signature="imports" expanded="true" />
          </folding>
        </state>
      </provider>
    </entry>
  </component>
  <component name="masterDetails">
    <states>
      <state key="ArtifactsStructureConfigurable.UI">
        <settings>
          <artifact-editor />
          <last-edited>WordCount:jar</last-edited>
          <splitter-proportions>
            <option name="proportions">
              <list>
                <option value="0.2" />
                <option value="0.5" />
              </list>
            </option>
          </splitter-proportions>
        </settings>
      </state>
      <state key="FacetStructureConfigurable.UI">
        <settings>
          <last-edited>No facets are configured</last-edited>
          <splitter-proportions>
            <option name="proportions">
              <list>
                <option value="0.2" />
              </list>
            </option>
          </splitter-proportions>
        </settings>
      </state>
      <state key="GlobalLibrariesConfigurable.UI">
        <settings>
          <splitter-proportions>
            <option name="proportions">
              <list>
                <option value="0.2" />
              </list>
            </option>
          </splitter-proportions>
        </settings>
      </state>
      <state key="JdkListConfigurable.UI">
        <settings>
          <last-edited>9.0</last-edited>
          <splitter-proportions>
            <option name="proportions">
              <list>
                <option value="0.2" />
              </list>
            </option>
          </splitter-proportions>
        </settings>
      </state>
      <state key="ModuleStructureConfigurable.UI">
        <settings>
          <last-edited>WordCount</last-edited>
          <splitter-proportions>
            <option name="proportions">
              <list>
                <option value="0.2" />
              </list>
            </option>
          </splitter-proportions>
        </settings>
      </state>
      <state key="ProjectLibrariesConfigurable.UI">
        <settings>
          <splitter-proportions>
            <option name="proportions">
              <list>
                <option value="0.2" />
              </list>
            </option>
          </splitter-proportions>
        </settings>
      </state>
    </states>
  </component>
</project>